filename,object_location,image_small,image_thumb
1016205456555107.jpg,/objects/1016205456555107.jpg,/objects/small/1016205456555107_sm.jpg,/objects/thumbs/1016205456555107_th.jpg
1044295901110858.jpg,/objects/1044295901110858.jpg,/objects/small/1044295901110858_sm.jpg,/objects/thumbs/1044295901110858_th.jpg
1506515174359985.jpg,/objects/1506515174359985.jpg,/objects/small/1506515174359985_sm.jpg,/objects/thumbs/1506515174359985_th.jpg
25744162918505550.jpg,/objects/25744162918505550.jpg,/objects/small/25744162918505550_sm.jpg,/objects/thumbs/25744162918505550_th.jpg
351704131138457.jpg,/objects/351704131138457.jpg,/objects/small/351704131138457_sm.jpg,/objects/thumbs/351704131138457_th.jpg
506650665153383.jpg,/objects/506650665153383.jpg,/objects/small/506650665153383_sm.jpg,/objects/thumbs/506650665153383_th.jpg
954522267474627.jpg,/objects/954522267474627.jpg,/objects/small/954522267474627_sm.jpg,/objects/thumbs/954522267474627_th.jpg
demo_005.txt,/objects/demo_005.txt,,
demo_012.md,/objects/demo_012.md,,
